estonian,english
on,is
ma,I
ei,not
sa,you
see,it
et,to
ja,and
ta,she
kui,than
seda,that
kas,whether
me,we
mis,what
mida,what
pole,no
jah,yea
oma,your
aga,but
siis,then
olen,I am
nii,so
oled,you are
ära,out
siin,here
nad,they
oli,was
mu,my
kõik,all
selle,its
mind,me
midagi,something
te,you
mul,I have
mulle,me
minu,my
kes,who
nüüd,now
sind,you
su,su
ole,be
kuidas,how
mitte,not
välja,out
sinu,yours
nagu,like
mina,me
ka,also
sulle,for you
tema,his
miks,Why
veel,more
tagasi,ago
või,or
sul,you
meie,U.S
küll,Hawk
sina,you
hea,good
saa,get
lihtsalt,just
väga,very
seal,there
teda,"him, her"
olla,to be
üks,one
teie,your
need,they
kus,where
oleks,would be
tead,know
siia,here
palun,Please
palju,many
teha,do
tule,come
tea,know
sellest,on
hästi,well
tean,know
kuid,but
oleme,are
olgu,whether
meil,U.S
eest,for
pärast,after
juba,already
keegi,someone
tere,Hello
peale,on
ainult,only
tänan,thanks
isa,father
tahad,want
kunagi,ever
pean,must
vaata,Look
võib,can
neid,them
tahan,want
just,just
mees,man
talle,it
ju,after all
minema,go
hei,hey
oh,oh
tee,path
maha,down
teed,roads
arvan,I think
sest,because
läbi,through
saab,can
meid,us
jumal,god
üle,over
tõesti,really
tal,it
ema,mother
asi,thing
läheb,goes
enam,more
olnud,have been
teid,you
pead,have to
korras,okay
mine,go
koos,together
kohe,immediately
olema,have
aru,understanding
vastu,against
vaja,need
enne,before
taha,behind
olete,are
aega,time
anna,anna
täna,today
tuleb,comes
sinuga,with you
kaks,two
saan,get
nende,their
peame,must
minna,go
üles,up
vaid,only
sisse,in
isegi,even
kurat,devil
kinni,up
öelda,to say
olid,were
elu,life
kogu,all
lähme,let's go
valmis,ready
ikka,still
siit,from here
pea,head
saad,can
end,himself
jaoks,for
peaks,should
võta,take
lase,let
ning,and
ise,himself
rohkem,more
vabandust,Sorry
oota,wait
ütles,said
alati,always
ütle,say
teada,unknown
praegu,now
saada,send
sellega,it
muidugi,of course
liiga,too
teile,to you
sinna,there
minuga,with me
alla,down
raha,money
arvad,think
eks,right
kohta,about
kindel,firm
lahti,loose
aeg,time
juurde,to
kuhu,where
selles,therein
temaga,with him
olin,I had
rääkida,talk
parem,right
tore,great
näha,to see
korda,time
õigus,right
head,good
peab,must
surnud,dead
juhtus,happened
tegema,do
tegelikult,really
suur,Large
ütlesin,said
teil,you
meile,to us
nimi,name
ühe,one
inimesed,people
ette,ahead
edasi,further
hr,Mr.
kuule,hear
meeldib,like
polnud,was not
kõige,most
teen,teen
kahju,loss
ennast,myself
näinud,seen
teeb,does
iga,age
koju,home
võin,I can
lähen,I go
noh,well
näed,you see
ilma,without
sain,I got
räägi,speak
ega,nor
väike,small
teinud,done
kuni,until
päris,real
teeme,let's do
toimub,happens
saanud,received
söör,sir
mingi,some
pane,put
las,Las
enda,own
said,received
kokku,together
viga,mistake
võid,you
kuradi,fucking
asja,thing
natuke,bit
tähendab,means
poiss,boy
aastat,year
arvasin,I thought
kolm,three
kaasa,with
kallis,Dear
kord,time
saame,we can
aitäh,thank you
vist,whist
okei,okay
sõber,friend
sama,same
suuda,can
läks,went to
tahab,wants
neile,them
härra,Mr.
mille,which
kena,nice
all,beneath
terve,healthy
ütlesid,said
täpselt,exactly
naine,woman
kaua,long
tegid,did
ongi,is
millest,which
sai,received
õige,right
poleks,would
töö,working
kätte,receipt
päeva,days
usu,believe
mõned,some
jälle,again
kindlasti,surely
armastan,I love
neil,they
tüdruk,girl
keda,who
kedagi,someone
kuna,because
sellele,to this
aidata,to help
kuula,listen
tuli,fire
tulla,come
endale,new
äkki,suddenly
mingit,any
asjad,things
ajal,during
kõike,everything
üldse,ever
asju,things
tulen,I come
hakkama,begin
selline,that
lõpeta,stop
teine,second
päev,day
no,no
kust,whence
tegi,did
tundub,feels
ärge,Do not
vana,old
võtta,take
ütlen,say
sellepärast,because
järgi,according to
sir,sir
hoia,hold
tunne,feeling
viis,way
tunnen,I feel
räägid,talk
ehk,perhaps
näen,see
juures,at
peaksid,should
jäta,leave
selleks,"To this end,"
võiks,should
mõtlesin,thought
nägin,I saw
tegin,did
pidanud,have
poole,to
auto,car
suurepärane,great
võibolla,may be
kullake,sweetheart
räägin,speak
hiljem,later on
milline,what
osa,part
abi,help
jää,ice
elus,alive
tulge,come
teate,know
mõtlen,I think
saaks,could
sinust,of you
eriti,especially
mr,mr
homme,tomorrow
väljas,outdoors
seega,thus
poolt,by
lähed,go
alles,only
sellel,this
uuesti,again
sel,this
tahtsin,wanted
taga,behind
varem,previously
kiiresti,fast
raske,difficult
selge,clear
tööd,jobs
aitab,help
läinud,past
dr,Dr.
peal,on
aasta,year
esimene,first
võimalik,available
teab,knows
ees,in front of
tappa,kill
koht,place
millal,when
eemale,away
teist,another
neist,them
parim,best
ah,oh
minust,of me
iganes,ever
sellist,such a
õhtul,evening
järele,for
käia,go
jack,Jack
vaadake,look
samuti,as well as
võtan,take
näe,look
rääkima,speak
piisavalt,enough
ümber,around
pool,half
maja,house
mehed,men
vajan,need
poeg,son
uus,new
ainus,only
loodan,I hope
ilus,beautiful
kell,clock
vabandage,Excuse me
tõsiselt,seriously
vahel,between
maailma,world
vait,silent
vähemalt,at least
peaksin,I should
peaaegu,almost
saama,receive
täiesti,completely
minge,go
olemas,available for
võime,capability
kelle,whose
inimesi,people
tõsi,true
näeme,see you
john,john
surma,death
paistab,looks
paar,couple
oleksid,Would be
sealt,thence
ilmselt,apparently
oleksin,would be
panna,put
andeks,forgiveness
muretse,worry
võimalus,opportunity
sõbrad,friends
ok,ok
persse,Shit
lapsed,children
kapten,captain
tehtud,done
poisid,boys
probleem,problem
lähe,going
aja,time
viimane,last
tahtnud,wanted
jääb,stays
leida,find
sees,on
jama,nonsense
kuulnud,heard
kõiki,all
anda,give
heaks,for
lõpuks,finally
ütleb,says
öelnud,said
usun,I believe
kutt,dude
lugu,story
tunned,feel
tahaks,want
läheme,lets go
nalja,joke
laps,baby
üksi,alone
issand,lord
minutit,minutes
ringi,round
hakkab,begins
eile,yesterday
inimene,human
tohi,must
jääda,stay
temast,about him
mäletad,remember
meeldi,like
vend,brother
kuulsin,heard
hommikul,in the morning
järgmine,following
neetud,damned
sõna,word
proua,Mrs.
annan,give
otse,straight
juhtub,happens
meiega,with us
lahe,the bay
hoida,hold
täis,full
kodus,home
käes,in
mõte,idea
kõigest,of all
peaksime,we should
veidi,slightly
varsti,shortly
hetk,moment
niimoodi,like that
muud,other
mõtled,think
neli,four
tuled,lights
lasta,let the
tulid,came
võtke,contact
teise,other
nime,name
maa,earth
umbes,about
teadnud,knew
mõni,any
mööda,along
mõlemad,both
uskuda,believe
meest,husband
tänu,thanks to
unusta,forget
tulin,I came to
halb,bad
räägib,speaks
käed,hands
too,too
tahate,want
hull,crazy
teiega,with you
tulevad,comes
mõista,understand
juhul,event
peate,you must
tundi,hours
saavad,get
päeval,during the day
tööle,to work
armas,cute
nägid,saw
perse,ass
rahune,calm
laske,shooting
politsei,police
üsna,pretty
niisiis,then
kadunud,lost
kohal,over
näeb,sees
tähtis,important
loomulikult,naturally
ühte,one
pisut,slightly
saaksin,could
kuradit,heck
vaatame,look
mõtle,think
oodake,wait
kellegi,someone's
rääkis,spoke
rääkinud,talked
olevat,is said to
pidi,had
meist,of us
mehe,Mans
hetkel,at the moment
otsa,ends
õnnelik,lucky
ütlema,say
teised,others
haiget,hurt
leidsin,I found
vaadata,to watch
halloo,Hello
vaatan,looking
aita,help
vabanda,apologizing
ühel,one
jätta,leave
käest,from
teame,know
linna,city
arva,think
jooksul,over
igal,every
naljakas,funny
relv,weapon
kohale,over
pihta,hit
new,New
nimel,on behalf of
paremini,better
uue,new
pidin,had to
nendega,with them
teadsin,I knew
käsi,hand
vale,false
saate,you can
tulnud,come to
teevad,do
ükskõik,no matter
dollarit,dollars
charlie,charlie
nemad,them
tahavad,want
kutid,guys
nõus,ready
võtab,takes
siiski,however
päästa,save
teel,by
kuulda,hear
istu,sit
ööd,nights
jumala,of God
võtaks,take
millega,with what
miski,something
teete,make
hommikust,morning
kahe,the two
lihtne,easy
semu,Buddy
tahaksin,I would like
sobib,fits
teeks,would
kao,disappear
suure,big
hakka,Become
kellega,with who
tõeline,real
õnne,happiness
õde,sister
saime,Got
tulemast,to
iial,ever
kardan,I am afraid
kolonel,colonel
sam,sam
ütled,you say
räägime,talk
süüa,eat
püha,holiday
mõne,some
olge,watch for
ikkagi,anyway
valesti,wrong
kuus,six
number,number
mingeid,any
doktor,doctor
kasutada,to use
suudad,can
olime,were
kuigi,though
kuuled,hear
vahele,between
väärt,worth
luba,permission
vaatama,look
elada,live
suri,died
tahtis,wanted
preili,Ms.
küsimus,question
rahu,peace
teadma,know
rääkisin,talked to
uks,door
andis,gave
silmas,view
andke,give
silmad,eyes
tubli,good
võttis,took
oodata,wait
võtame,take
moodi,like
võivad,can
paha,bad
jäänud,remained
viia,lead
üleval,up
luban,I promise
kuradima,fuckin
võtma,take
näita,show
helista,call
mõelnud,thought
naise,women's
michael,michael
soovid,you want
võite,you may
inimeste,people's
töötab,works
kohtuda,to meet
ühtegi,none
tunni,hour
seotud,bound
jalga,ft
jaa,ice
vajab,needs
lähedal,close
hakkame,begin
kõlab,sounds
käib,goes
saaksid,you could
minuti,minutes
võiksid,should
helistan,I call
jeesus,Jesus
soovin,I wish
clark,Clark
süü,guilt
mängu,the game
vajame,we need
kõigile,all
muidu,otherwise
vajad,Need
ellu,implemented
öö,night
nägu,face
arvatavasti,probably
kuud,months
uut,new
tulema,come
plaan,plan
kuidagi,somehow
kindral,general
issi,dad
kuu,month
ameerika,America
proovi,try
püsti,upright
tehke,do
pealt,from
korra,once
kontrolli,check
lõbus,fun
tüüp,type
tappis,killed
maailm,world
milles,in what
hakkan,begin
vihkan,hate
annab,gives
peavad,must
tähelepanu,attention
mängida,to play
kellelegi,anyone
silma,the eye
tütar,daughter
vaba,free
kõigi,all
panen,put
ometi,nevertheless
president,president
tahtsid,wanted
nägemist,goodbye
milleks,why
õhtu,evening
oi,oh
onu,uncle
leia,find
jäi,remained
ainuke,only
ülejäänud,other
lasen,shoot
isand,lord
magama,sleep
vii,vii
lõpp,end
õhku,the air
maailmas,in the world
pange,Please
küsida,ask
appi,help
vähem,less
aimugi,idea
värk,stuff
hoopis,much
suutnud,failed to
oska,can
mõttes,in mind
hilja,late
kolme,the three
toon,tone
idee,idea
tüdrukud,girls
probleeme,problems
kooli,the school
mäletan,I remember
mitu,multiple
oo,oh
uskumatu,unbelievable
suhtes,in a relationship
tapa,kill
meelde,Forgot
leidsid,found
aastal,year
elab,lives
hoidke,hold
meeldiv,pleasing
arust,think
poja,son
käi,go
rahule,peace
igatahes,anyhow
polegi,'s not
mõistan,understand
koha,place
kombes,okay
võinud,have
pealegi,moreover
sellise,such a
näiteks,for example
ootab,waits
pask,shit
huvitav,interesting
arvab,thinks
tavaliselt,usually
endast,a
vanemad,parents
loll,stupid
pähe,by heart
harry,Harry
nägi,peg
juhtunud,happened
kuulsid,heard
mõnikord,sometimes
pikk,tall
kiire,speedy
tahame,we want
kiiremini,faster
minul,I have
lahku,leave
suu,mouth
näete,you see
frank,franc
alt,from under
aidake,help
teadsid,knew
tuua,to bring
huvita,interesting
mõelda,to think
mõistad,understand
liiguta,Moving
lõpetada,finish
käinud,attended
sõda,war
mäleta,remember
majas,in the house
laeva,the ship
keha,body
nägema,see
abikaasa,husband
kohvi,coffee
pere,family
jään,I stay
öösel,at night
asemel,instead of
au,glory
noor,young
imelik,weird
haige,ill
aus,honest
pagan,heathen
pani,put
osta,buy
emme,mummy
james,James
paneb,puts
kuhugi,somewhere
relva,weapon
ajast,time
daamid,ladies
koer,dog
kuningas,king
paigal,still
esimest,first
lähevad,go to
puhas,clean
kodu,home
meel,mind
mäng,game
rahulikult,calmly
tundma,know
lapse,children's
muuta,turn
agent,agent
läksid,went
pidu,feast
tapsid,killed
hiljaks,late
inimest,people
otsin,looking
tegemist,it
ee,ee
võimalust,chance
kuskil,somewhere
lahkuda,leave
ruttu,quickly
raisk,wasting
arvates,thinking
kellel,who
naist,woman
leidma,find
mike,mike
mõnda,some
linnas,in the city
vahet,distinguish
ettevaatlik,cautious
meeldivad,like
aastaid,years
täielikult,fully
ohtlik,dangerous
ukse,door
viin,vodka
näidata,to show
teiste,others
must,black
kõvasti,hard
suudan,I can
jookse,run
teavad,know
vett,water
jääd,ice
relvad,arms
suurt,great
pikali,lying down
tõde,truth
boss,boss
kuulake,Hear
lapsi,children
võtsid,took
võiksin,I could
tom,tom
ajaks,time
leidnud,found
kohtume,Meet
rääkisid,talked
mil,when
tõlkis,translated
joe,joe
äri,business
kutsu,Invite
tapan,will kill
paari,pairs
hakkad,begin
kaugele,far
üritan,try
samas,at the same time
päriselt,altogether
meeles,remember
arvate,think
üht,one
härrased,gentlemen
kõrvale,aside
valge,white
hüvasti,goodbye
samal,the same
kõne,speech
hallo,hallo
perekond,family
mingil,some
jake,jake
endiselt,continues
surra,die
ootan,waiting
viimase,last
seepärast,therefore
jätke,leave
tõmba,pull
seersant,sergeant
hakkas,started
ajad,times
liigume,moving
lõpetanud,finished
kohutav,terrible
inimese,person
viska,throw
seekord,this time
nendest,of them
kaugel,far
max,max
laev,ship
suured,large
last,load
põhjus,cause
esimese,first
väsinud,weary
sellesse,this
paljud,many
küsi,Ask
vabandan,sorry
ühendust,connection
nädalat,weeks
kellele,whom
kümme,ten
rahvas,people
george,George
täielik,complete
järel,on
leitnant,lieutenant
süüdi,guilty
miljonit,million
saatis,sent
alates,since
kahjuks,unfortunately
võtad,take
kaitsta,protect
kõrval,next to
tundsin,felt
jimmy,Jimmy
võiksime,we could
soovite,wish
vannun,swear
naised,women
tugev,strong
vasta,answer
meeldiks,like
süda,heart
läksin,went
öelge,say
saata,send
peter,Peter
otsima,look for
jättis,left
verd,blood
kohas,place
tohiks,should
idioot,idiot
vanaema,grandmother
võtnud,taken
viib,takes
kaheksa,eight
läksime,went
hulluks,insane
eluga,with life
seitse,seven
bobby,bobby
nädala,the week
imeline,wonderful
kella,bell
david,David
mõtlema,think
tegime,we did
aastane,annual
taas,again
tark,clever
põhja,northern
abielus,married
tõtt,truth
leiame,we find
kirja,Letters
oluline,important
pidid,pictures
aitan,I will help
võis,could
kõigil,all
ben,Ben
millegi,something
ruumi,the space
tapnud,killed
armastus,love
leian,I will find
küllalt,enough
tõuse,increases
võimatu,impossible
pr,pr
muutunud,changed
andma,give
probleemi,the problem
oskad,can
ausalt,honestly
muutub,changes
vihane,angry
näitan,Showing
ava,aperture
tapab,killing
usalda,trust
tõeliselt,really
st,from
koolis,in school
kuulge,you there
panid,put
korraks,briefly
tüdruku,girl
eemal,away
kavatsed,going to
joey,joey
tööta,working
liigu,to pass
vennas,brother
nädal,week
jutt,story
keelt,language
leidsime,found
karda,afraid of
lõpetage,stop
tasa,gently
juhtu,cases
otsi,search
pidage,please
võtsin,took
uhke,proud
õhtust,good evening
linn,city
ammu,long ago
laskma,shoot
ajada,with
selga,on
omad,own
miss,miss
meeldis,liked
külm,cold
suudab,can
nina,nose
suunas,towards
peatada,to stop
kuum,hot
väikese,little
minult,me
vea,error
püüan,I try to
autosse,in the car
tapma,kill
valu,pain
põrgu,hell
omale,To create your
magada,sleep
tuleks,come
terviseks,cheers
käima,go
kasuta,use
kuulen,I hear
vau,peacock
natukene,a little
võimaluse,opportunity
rumal,silly
leidis,found
teisi,others
lahkuma,leave
elama,to live
igavesti,eternally
õnn,happiness
läheks,would go
sinult,from you
andnud,given
tundnud,knew
bob,bob
kusagil,somewhere
juua,drink
juhtuda,happen
toob,brings
autot,cars
andsin,gave
filmi,movie
telefoni,phone
sureb,dies
halba,bad
edu,success
külge,sides
mehi,men
otsas,ends
siiani,so far
saaksime,we could
major,major
häid,good
jäid,stayed
tuba,room
inglise,English
pärit,from
ükski,any
puhul,in case of
lõuna,south
tavaline,ordinary
panin,put
surm,death
helistada,to call
vähe,few
jõudnud,reached
kellegagi,with someone
lahke,kind
sööma,eat
billy,Billy
tuleme,we are coming
tõin,brought
tüdrukut,girl
bill,bill
sekundit,seconds
alex,alex
räägivad,speak
veri,blood
nali,joke
paul,paul
ajab,drives
fbi,FBI
miili,mi
armastab,loves
tegu,act
üksinda,alone
tunda,to feel
arst,doctor
armastad,love
põhjust,reason
soovi,wish
näib,seems
lõpuni,the end
selliseid,these
telefon,phone
nimega,named
jääma,stay
helistas,called
teisel,second
jobu,sucker
püsi,stay
söö,eat
vabaks,free
seis,standing
suurem,greater
hoiab,holds
paneme,put
lugeda,to read
ühes,with
jõuab,can
möödas,passed
lisa,more
küsimusi,questions
kasu,benefit
andsid,gave
järgmisel,on the next
Nick,Nick
Sarah,Sarah
sõida,fly
jätan,leave
arvavad,think
valikut,choice
tooge,bring
laseme,let the
võita,beat
tuld,fire
hullu,mad
uh,ugh
alustame,let's begin
loe,North-west
täiuslik,perfect
härrad,gentlemen
hakata,to start
korral,at once
teadis,knew
seisma,stand
unustasin,I forgot
viige,Carry
hullem,worse
arvata,think
täitsa,dead
töötan,I work
ütlevad,saying
eriline,special
sitapea,asshole
sellised,these
jääme,stay
endaga,lead
hetke,current
oligi,was
libu,bitch
litapoeg,motherfucker
sõita,drive
meeskond,team
kuulub,belongs
kaotasin,I lost
tähenda,imply
küsin,ask
kirjas,the letter
ütleks,would say
tühi,empty
otsime,looking for
sedasi,like this
tahaksid,want
ootama,wait
alustada,to begin
henry,henry
daniel,Daniel
liikuma,move
jõua,reach
esimesena,first
asub,located
kihla,bet
üksteist,each other
huvitatud,interested
ettevaatust,Caution
sinul,you
segane,distracted
rõõm,pleasure
subclub,subclub
hoian,I keep
tänud,thanks
kaugusel,from
ütleme,we say
maksta,pay
punane,Red
kutsun,call
mängi,Play
majja,into the house
Chloe,Chloe
riided,clothes
usud,believe
olukord,situation
koera,canine
löö,create
kerge,light
kutsuda,call
jõuame,we come
ülesse,up
inimestele,people
normaalne,normal
viima,lead
maksma,pay
peagi,soon
jõuda,to reach
kallal,on
saite,sites
usaldada,trust
tohin,alight
kaotanud,lost
vanaisa,grandfather
viimasel,the last
hinge,breath
hakkavad,will
sõbra,your friend
tõi,brought
panema,put
taevas,heaven
teene,favor
tegelen,deal
Johnny,Johnny
the,The
käis,attended
kahte,two
käisin,I went
tuhat,thousand
maas,down
kõva,tough
kiirusta,hurry
viimati,last
segi,confused
tunneb,feels
lubada,allow
südame,heart
Jim,Jim
tõid,You brought
vesi,water
paned,you put
Danny,Danny
olite,you were
ärka,wake up
naisega,wife
lasid,shot
armunud,enamored
juurest,from
leiad,find
pilt,picture
arvasid,thought
tuppa,indoors
lasi,shot
tõttu,because of
seni,so far
ime,miracle
muusika,music
valik,selection
aitama,help
vara,property
vastus,answer
pidada,considered
tõsta,lift
üllatus,surprise
kaotada,to lose
halvasti,badly
maksab,costs
muu,sell
tõenäoliselt,probably
oledki,oledki
eelmisel,last
väikest,small
paremat,right
maal,painting
kutsutakse,invited
jälgi,watch
algab,begins
õigesti,correctly
otsast,ends
annad,you give
Mary,Mary
peas,head
kardad,scared
valus,painful
tihti,often
esiteks,first
pigem,rather
saadan,sending
liigub,moves
viie,five
toitu,food
mures,worried
muide,by the way
põrgut,hell
kallike,darling
ühele,one
perekonna,family
niisama,as
tund,hour
Richard,Richard
armee,army
arvatud,save
tagant,from behind
elad,live
selgeks,clear
venna,brother's
pääseda,escape
firma,company
kaasas,with
sõnad,the words
toas,chatting
korralikult,properly
kaitse,protection
kõigepealt,first
ükskord,one time
kaudu,through
oodanud,waited
kanda,wear
nädalal,the week
emale,to Mother
proovida,try
ootame,we wait
sõpru,friends
Carter,Carter
Tommy,Tommy
soovib,wishes
vangi,jail
Kate,cover
parima,best
kontrollida,to check
tähele,note
isiklikult,personally
lased,letting
teeksid,do
hävitada,to destroy
viimased,last
elanud,lived in
mehega,man
võimas,powerful
laste,children's
näitab,shows
olles,being
sitt,shit
näevad,look
kurb,sad
lisaks,in addition to
poisi,boy
autos,autos
anname,we give
tutvuda,meet
hoidma,keep
kukkus,fell
lüüa,create
värdjas,bastard
uskuma,believe
antud,given
kuninganna,queen
lahkus,left
kätt,the hand
jäin,I stayed
tõsine,serious
õppida,learn
kala,fish
pööra,pay
vaene,poor
ennem,before
saatus,fate
tulista,shoot
istuda,to sit
võetud,taken
infot,information
kolmas,third
puutu,touching
lõi,hit
liha,meat
juht,leader
pakkuda,offer
hooli,care about
plaani,plan
üheksa,nine
tasuta,free
hetkeks,momentarily
elan,live
õpetaja,teacher
vasakule,to the left
loodetavasti,hopefully
enamus,majority
juuksed,hair
peast,by heart
jalad,legs
suureks,great
juttu,story
vaatasin,looked
lex,lex
pannud,put
võti,key
musta,Black
näljane,famished
kaela,neck
ajas,Sex
professor,professor
kaunis,beautiful
oleksime,we would
põgeneda,escape
kähku,haste
jätsid,left the
äsja,newly
arvanud,thought
pistmist,to do
Eddie,Eddie
katki,broken
veider,weird
viimast,latest
vaatad,look
jätka,continue
linnast,city
käe,the hand
püüa,catch
millestki,something
õnnetus,accident
peaksite,should
Chris,Chris
viime,we will
asjade,things
tundus,felt
proovin,try
hämmastav,amazing
võidelda,fight
astu,Step
minule,to me
sinus,sinus
meister,champion
parimad,best
võtmed,keys
igaüks,anyone
raamat,book
järgmise,the next
kivi,stone
liikuge,scroll
rahul,pleased
plaanid,plans
lähete,you go
näkku,to face
surema,die
teaks,know
väljaspool,outside
loo,create
erilist,special
kirjutada,write
Walter,Walter
Tony,Tony
kangelane,hero
võlgu,on credit
nägemiseni,good bye
uudiseid,news
räägite,talking about
joo,joo
uudised,news
Alan,Alan
keera,screw
tüüpi,types
Andy,Andy
Dean,Dean
ohtu,threat
uued,new
sure,die
Mark,mark
teisele,another
lasin,let the
aju,brain
vabalt,freely
eelmine,previous
jätsin,I left
oskan,can
Steve,Steve
puudust,shortage
la,la
lähemale,closer to
tunnete,you feel
kah,kah
õhtut,evening
sinule,for you
hinga,breathe
pidevalt,constantly
suudaks,able
Dan,Dan
jõudu,strength
suurim,largest
kellelgi,anyone
võmm,cop
muudab,changes
vahest,perhaps
tööl,at work
liigutage,Move
tütre,"daughter,"
purjus,drunk
laiali,spread
inimestega,with people
paremaks,better
muutus,change
emaga,mother
leiab,find
haiglasse,the hospital
tädi,aunt
üritab,trying to
mõtlesid,thought
millised,which
paks,fat
mängima,play
sooviksin,I wish
sult,thee
lõpetama,complete
kutsub,invites
Lee,Lee
huvitab,interests
voodisse,bed
öeldes,speaking
jääge,Stay
küsisin,asked
kutsus,called
elust,of life
kaamera,camera
persevest,asshole
uurija,researcher
küsima,ask
isale,father
häält,voice
lootsin,hoped
printsess,princess
tooma,bring
mrs,MRS
naisi,women
selja,back
tulime,we came
sõpra,friends
pääse,escape
paremale,right
teeninud,earned
ala,area
kavatse,going
vee,water
töötad,workin
ühest,one
kellest,of whom
valida,choose
vaikselt,quietly
isaga,father
võimeline,able
olengi,olengi
töötas,worked
kadus,disappeared
pilti,picture
terveks,healthy
ray,ray
teisiti,otherwise
keset,in the middle
mõtet,point
palus,asked
vajalik,necessary
rääkisime,we talked
esmalt,first
jõud,power
lana,lana
otsus,decision
igaveseks,forever
oskab,can
vennad,brothers
pime,blind
lennuk,plane
majast,house
usa,US
ööl,night
teatud,some
will,Will
claire,claire
tarvis,need
muretsema,worry
karm,rough
temalt,from him
hääl,voice
kindlalt,firmly
nelja,four
hüppa,jump
sõdur,soldier
enamat,more
ohvitser,officer
siinsamas,here
lemmik,favourite
otsid,looking
istuge,Take a seat
laseb,shoots
laua,table
oot,wait
kuuleb,hears
arsti,doctor
abielu,marriage
väikse,small
kaart,map
töötada,to work
arthur,Arthur
rahulik,calm
ligi,almost
mängib,plays
hiina,Chinese
teaksid,know
al,al
päevast,day
naeruväärne,laughable
otsib,searches
pidime,we had
kuuli,ball
vanglas,prison
poolel,half
rõõmus,joyous
jane,jane
keeruline,complex
sõja,military
tulemas,upcoming
puhtaks,clean
hotelli,hotels
Rachel,Rachel
eales,never
maksa,pay
teeksin,would do
lits,slut
lahkun,leaving
meeste,men
keeles,the language
võmmid,cops
robert,Robert
kingitus,gift
kohtunud,met
autost,the car
tänaval,on the street
õlut,beer
bond,Bond
arusaadav,understandable
üritad,trying to
tervist,health
lord,lord
maad,lands
kuulata,to listen
üritasin,I tried
maksan,will pay
charles,charles
william,William
ga,ga
ülesanne,task
van,van
lennata,fly
politseinik,police officer
lausa,just
uudis,novelty
moel,way
sõnu,the words
võimu,power
probleemid,problems
dave,Dave
plaanis,plans
otsida,search
vaevalt,barely
le,le
elavad,live
kohtuma,meet
minus,me
tegite,you did
puu,tree
alguses,at the beginning
perset,ass
lugesin,I read
tapavad,kill
emily,emily
kavatsen,I plan to
arvas,thought
löön,smithereens
lahkume,leave
toru,pipe
vägev,mighty
matt,mat
millele,to what
kauaks,for long
selgitada,to explain
kindlaks,identified
hakkasin,started
tõepoolest,indeed
nõbu,cousin
jäävad,stay
ideaalne,ideal
suren,die
ryan,ryan
riigi,country
tulite,you came
meeldid,likes
leedi,lady
jenny,jenny
kannab,carries
sitta,shit
käskis,ordered
andesta,forgiveness
vajavad,need
sõidame,drive
poega,sons
poissi,boys
prantsuse,French
vaatab,looks
tapeti,was killed
iialgi,ever
omadega,ones
käsk,command
maale,ashore
helistama,call
paps,EAA
jätnud,leave
san,San
lõpetan,quit
chuck,Chuck
jala,on foot
vanad,old
hing,hinge
parandada,fix
siiapoole,this side
sured,die
kirjutas,wrote
tänatud,Thank
häbi,shame
film,film
suremas,dying
hmm,hmm
hõivatud,occupied
vean,Vean
asjadest,things
aeglaselt,slowly
lubasin,I promised
vot,vot
paika,place
seisa,downtime
suletud,closed
õieti,properly
jõudma,reach
ootavad,waiting
töötanud,worked
toimus,took place
minut,minute
kuskile,to some place
tsau,Hi
de,de
räägitakse,they say
haiglas,in the hospital
teineteist,each other
jalg,leg
kauem,longer
pakun,Hospitality
unustanud,forgotten
omavahel,between us
toime,effect
uusi,new
asjaga,thing
süsteemi,the system
meeldinud,liked
meelega,on purpose
tänulik,thankful
kuul,ball
lubatud,allowed
prints,prince
larry,Larry
lubasid,promised
und,und
saladus,secret
uurida,explore
tänada,thank
advokaat,lawyer
toit,food
kujuta,pose
korraga,at a time
esimesel,first
relvi,weapons
kristus,Christ
kaduge,Get lost
kuulete,hear
tapsin,killed
tüdrukuga,girl
arvestades,considering
tähtsam,major
jõudis,reached
sinine,blue
sorti,sort of
otsustada,decide
avatud,open
helistasin,called
sean,sean
voodis,in bed
tuttav,familiar
igav,dull
üritas,tried
raamatu,book
piiri,boundary
küsid,you ask
jätma,leave
ela,ela
lasknud,let the
käisid,visited
mehele,husband
süütu,innocent
pete,pete
juhtida,draw
kirjuta,write
pagana,heathen
vaat,barrel
päralt,hers
õppima,learn
rahva,People's
armastust,endearing
avage,Open the
põrgusse,hell
tõbras,beast
helistab,calls
veeta,to spend
hirmu,fear
vittu,cunt
hakkasid,started
rooma,Rome
senaator,senator
unustada,to forget
millist,which
voodi,bed
avada,open
pikka,long
kaotasime,lost
kiirelt,quickly
nimelt,namely
püksid,shorts
teade,message
meetrit,meters
meelt,your mind
jerry,Jerry
lood,stories
soovitan,Recommend
rase,pregnant
juhib,leads
sõbrake,pal
proovime,try
uskunud,believed in
pomm,bomb
ootad,look
müüa,for sale
jackson,jackson
tähtsust,the importance of
lõpus,At the end of
surnuks,death
kutsusid,invited
mõju,effect
naisele,"wife,"
leiti,was found
koheselt,immediately
kass,cat
tühjaks,blank
tõestada,to prove
juhuks,case
aitad,help
igavene,everlasting
hoolitsen,take care
üllatunud,surprised
teele,path
hiljuti,recently
igatsen,miss
tulevikku,the future
jube,creepy
ohutu,harmless
kasutab,uses
vaeva,effort
kõht,belly
väikesed,small
paista,excel
tulevik,future
peole,to the party
naiste,women's
mängime,play
sõnum,message
reeglid,rules
kaotasid,Lost
päike,Sun
kaotas,lost to
surevad,die
märk,mark
perses,fucked
kood,code
tükk,piece
komandör,commander
armastuse,love
hindan,appreciate the
lubage,Allow
jagu,section
värava,the gate
los,los
vedas,lucky
peata,headless
kummaline,strange
nojah,well
saadab,sending
jätkata,continue
võtavad,take
nagunii,anyway
tyler,tyler
asjast,thing
osav,dexterous
seisab,stands
suudame,we can
kõikide,all
sõdurid,troops
rääkige,tell
ajalugu,history
roni,Roni
lööb,hits
lois,Lois
vali,loud
tulistada,shoot
jätame,reserve
teistele,to others
mängid,play
luua,create
veab,lucky
rääkides,speaking
lugenud,read
abielluda,marry
takso,taxi
isiklik,personal
kraami,stuff
samamoodi,similarly
seina,wall
lõksu,trap
parema,better
eric,eric
küljest,"hand,"
kõikjal,everywhere
pealik,headman
venda,venda
valgus,light
Scott,Scott
helistanud,call
juhtum,case
sellisel,In this
justkui,as if
olukorda,situation
päästsid,saved
tõmmata,pull
turvaline,secure
põlema,burn
tuju,mood
Jason,Jason
saaksite,could
el,The EU
veini,wine
päevad,days
klassi,the class
Martin,Martin
jõule,Christmas
tapad,kill
piisab,enough
kuulus,famous
rühm,group
püüab,tries
perekonda,genus
info,information
keel,language
elas,lived
autoga,by car
vastik,abominable
arvuti,computer
keelatud,prohibited
teises,another
endine,former
tunde,feeling
sara,sara
käivad,go
vanem,parent
pisike,tiny
küsis,asked
sõnumi,the message
lähedale,close
kasutama,use
Serena,Serena
Brian,Brian
külla,visit
oletan,suppose
kana,hen
reegleid,about
suhe,relationship
kutsuvad,call
viha,wrath
elame,live
Lucy,Lucy
jõuan,I get
saatsid,sent
kuulama,listen
nõu,counsel
seletada,explain
püüdsin,tried
puudu,missing
sinuta,without you
tehakse,do
kuninga,the king
koletis,monster
ütlesite,said
sõitma,ride
side,communication
ütleksin,would say
rodney,Rodney
beebi,baby
ilusad,beautiful
olegi,Oleg
sooviks,would like
liialt,too
saabub,arrives
riideid,clothes
täiega,täiega
valitsus,government
päästis,saved
doc,DOC
rahunege,chill out
kordan,I repeat
tunnistama,witness
thomas,Thomas
kõigist,all
alasti,naked
simon,Simon
ohus,at stake
kohanud,come across
huvi,interest
pruugi,might
sihtmärk,target
dawson,dawson
majesteet,majesty
ha,ha
sinusse,Thee
sammu,steps
aimu,idea
võiksite,you may want to
koguaeg,all the time
liikuda,to move
absoluutselt,absolutely
toimib,works
lastele,for kids
palli,ball
määratud,appointed
nüüdsest,from now
päästma,save
hoolitse,caring
vaikust,silence
Edward,Edward
abil,with
victor,Victor
nimekirja,list
peatu,stop
astuge,come on
magab,sleeps
valitsuse,governmental
segada,mix
mõrva,murder
rose,Rose
kott,bag
astuda,take
näeks,would look
pilte,pictures
loodame,hope
käin,go
üldsegi,not at all
tohib,can
nägite,Seen
jätab,leaves
vene,Russian
töötama,work
istet,seat
millise,what kind of
mõtleb,thinks
muretsege,worry
kyle,kyle
teiseks,second
otsinud,searched
sobi,fit
politseisse,cops
võitlema,fight
kanna,wear
earl,Earl
kraam,stuff
Phil,Phil
kannad,wearing
kohast,from
vaadanud,looked
maitse,taste
õe,sister
lubas,promised
partner,partner
mõtteid,thoughts
luke,Luke
poisu,kid
hullemaks,worse
segaduses,confused
maga,sleeps
masin,machine
luku,lock
siga,pig
aamen,amen
ai,ouch
omal,own
terekest,Howdy
valeta,lie
sündinud,born
visata,throw
kiri,letter
raamatut,book
varastas,stole
kohtu,court
suures,great
pahaks,objectionable
läheduses,nearby
vaenlane,enemy
ruumis,the room
algus,beginning
se,SE
mõeldud,thought
veelkord,again
nuga,knife
minagi,I also
proovisin,tried
hirmus,fearful
don,Don
vanamees,old man
metsa,forest
saatke,send
jagada,share
reegel,rule
muutuvad,change
õrna,gentle
õnnestus,succeeded
tapja,killer
õnneks,Luckily
silm,eye
amy,amy
jones,jones
tunded,feelings
asjadega,things
energia,power
kohtusime,met
sõltub,depends
parimat,the best
õppinud,learned
jõuad,can
nimed,names
paluda,to ask
algas,began
viimaks,finally
lootust,hope
kindlad,certain
km,km
vajate,need
värav,gateway
hoiame,keep
kandma,wear
saatsin,sent
ürita,try
mõrvar,murderer
silmi,eyes
inimestest,people
meelest,forgot
laulu,the song
võitlus,fight
relvastatud,armed
annie,annie
meeskonna,crew
ostsin,I bought
eksinud,lost
sõrmus,ring
juhtuks,would happen
kraadi,degrees
roheline,green
kutti,guy
vaevu,barely
närvis,freaked
juhtuma,happen
teenida,earn
halvad,bad
lendab,flies
peo,feast
ida,east
teistsugune,different
lõppu,the end
vaikne,quiet
häda,woe
lahkub,leaves
kaitstud,sheltered
ted,Ted
tundsid,knew
märganud,Noticed
ajama,put forth
loeb,reads
ettevaatlikult,carefully
pildi,picture
nr,No
aitas,helped
muusikat,music
loen,read
kõrini,fed up
vahepeal,meanwhile
armasta,love
munad,eggs
otsustasin,I decided
seejärel,then
saadeti,sent
niikuinii,anyway
ross,ross
kodust,home
tulete,coming
kuradile,the devil
mitmeid,many
muuda,change
kasutas,used
uksed,doors
viisil,in a way
teagi,know
vaenlase,enemy
kõrge,high
vapper,brave
temale,him
ed,s
dna,dna
joosta,run
signaali,signal
semud,mates
seljas,wearing
kutsuge,call
sittagi,shit
üheks,one
öeldi,was told
palusin,I asked
sada,hundred
rong,train
hoogu,momentum
adam,adam
valetad,You `re lying
ülemus,boss
hoiad,hold
kirjutatud,written
pidama,keep
kahekesi,two people
õigel,right
treener,trainer
kohutavalt,terribly
alice,alice
mm,mm
hoolimata,in spite of
jõuluvana,Santa Claus
pandud,laid
öeldakse,they say
kohad,places
vastust,answer
sõidab,drives
kohtumine,appointment
koostööd,cooperation
türa,dick
kujutada,conceive
töötavad,working
samm,step
tükki,piece
saksa,German
lõid,created
erinev,different
hullumeelne,mad
suitsu,the smoke
paska,shit
surid,died
tundu,seem to
tegeleb,deals with
käid,thoroughfares
otsivad,looking
ärme,let's
läki,let us go
mälu,memory
teoksil,afoot
tagumik,ass
lõpetame,end up
ent,however
loogiline,logical
geenius,genius
puudub,missing
jääks,would
küsimusele,the question
seksikas,sexy
pildid,Pictures
öeldud,said
ääres,on
leo,leo
sõidan,drive
ühtki,any
jätad,leave
kuue,the six
teilt,from you
niikaua,so long
räpane,messy
aina,ever
kirjutan,I write
vasak,left
kool,school
kevin,kevin
jookseb,runs
planeedil,the planet
puutub,Concerning
pommi,bomb
kotti,bags
sünnipäev,birthday
vastata,answer
nägime,saw
dollari,dollar
otsekohe,right now
osas,part
planeedi,planet
tantsida,to dance
kohtasin,I met
saadik,ambassador
seetõttu,therefore
jumalat,god
ootasin,waited
frodo,Frodo
suhu,in the mouth
seks,Sex
isik,person
proovinud,tried
küsinud,asked
usaldama,trust
teema,theme
karu,cart
hingata,to breathe
kenad,pretty
algusest,from the beginning
eesmärk,goal
vahetada,exchange
tõuseb,rises
annaks,to give
yorki,York City
istub,sits
loodud,created
tuleksid,to come
tuhandeid,thousands
jeff,Jeff
õnnelikud,be happy
tundeid,sentiments
saabus,arrived
mujale,elsewhere
õnnelikuks,happiness
leiavad,find
blair,blair
teal'c,Teal'c
reisi,tour
julgust,courage
toome,Toome
mult,mult
kasutan,use
oleksite,had
panevad,make
lõppenud,finished
muutis,changed
roy,roy
vinge,awesome
igas,each
mure,concern
elusalt,alive
jõudsin,arrived
muudkui,just keep
barry,Barry
kandis,wore
nõuab,requires
mingid,some
nõrk,weak
sõitis,drove
niigi,already
näo,facial
miljon,million
lõhna,odor
kaome,Let's get out
teisest,other
samad,same
kaduma,vanish
informatsiooni,information
õigust,right
daam,lady
kokkulepe,agreement
võisid,could
vedada,tow
klient,customer
olukorras,situations
niipalju,so much
kutsuma,call
kohtunik,judge
otsuse,decision
ärkvel,awake
põhjusel,reason
stopp,stop
jõudsid,arrived
jalgu,legs
bruce,bruce
jumalale,god
tutvustada,to introduce
seas,among
keskel,in the middle of
koti,bag
lõpetasin,I finished
raadio,radio
hoolt,take care
niipea,as soon as
tehti,was
rahvast,people
millel,with
tagumikku,butt
fakt,fact
harjunud,accustomed to
laura,laura
jätkake,continue
taevast,heaven
kuulsite,heard
otsisin,was looking for
aastad,years
õpetas,taught
bussi,bus's
hoone,building
südant,heart
süsteem,system
york,new york
jätkub,continues
hädas,trouble
võit,victory
lennuki,plane
viisi,in
värvi,color
Susan,Susan
tõelist,real
tulistage,shoot
igat,all
lülita,Turn off
numbri,number
pall,ball
kartsin,dreaded
punkti,points
unustage,remember
jumalad,the gods
järjekordne,sequent
saagi,yield
seksi,sex
energiat,power
carl,carl
kelleks,who
kannan,wear
inimestel,people
möödunud,bygone
suurepäraselt,famously
vanemate,parents
õhtusöök,supper
õnnitlused,congratulations
mõtles,thought
ajan,Ajan
Randy,Randy
kaugemale,farther
mujal,elsewhere
mõneks,few
tütart,daughters
teretulemast,welcome
future,Future
pardal,on board
söönud,Eating
äge,awesome
tuntud,well-known
valetaja,liar
Monica,Monica
lõpu,the end
võitja,winner
aadress,address
tonni,tons
tegeled,doing
nähes,seeing
jess,Jess
kaitsma,protect
vaadates,looking
Lily,Lily
kirjutasin,wrote
tähendama,mean
tõendeid,evidence
jooksis,ran
annavad,give
noo,noo
püüda,try
ust,ust
õppisin,learned
vihkab,hated
leitud,found
Marty,Marty
paljude,many
kasutasid,used
arvasime,thought
sinagi,you too
sööme,eat
lõksus,trapped
tapke,kill
seljast,get off
sekundi,seconds
sõjas,the war
kahtlen,I doubt
kutsume,call
käskisin,commanded
klubi,club
hirm,fear
järsku,suddenly
sust,of
mängus,in play
sügavalt,deeply
võidab,beats
fantastiline,fantastic
kallale,on
muljet,impressed
rikkuda,ruin
muretseda,worry
kohus,court
igale,each
tim,tim
Phoebe,Phoebe
missioon,mission
väiksed,small
Anne,talent
taala,bucks
tekitab,creates
tehnoloogia,technology
unustasid,forgot
korrusel,ground floor
arutada,discuss
päevas,per day
ilusat,beautiful
tüli,row
kordi,of times
mõistlik,reasonable
haavatud,wounded
pardale,on board
roger,roger
koerad,dogs
tasu,fee
nimekirjas,on the list
viid,out
löök,blow
miljoni,million
kasutame,we use
imeilus,delightful
ülikooli,University
olemegi,we have
akna,window
nõid,witch
laul,song
vältida,to avoid
rongi,train
marcus,Marcus
seista,to stand
ostan,I buy
sse,into
maria,Maria
keri,Keri
sellises,such a
uurima,To investigate
eksid,wrong
maganud,slept with
soe,warm
jätkame,continue
eelnevalt,previously
kenasti,nicely
paras,right
küla,village
naudi,enjoy
elud,lives
õiglane,equitable
palu,ask
vajuta,press
istun,sitting
kaotad,will lose
frankie,Frankie
kontrollin,Checking
kuulu,included
närvi,nerve
kasvõi,least
vaatas,looked
õiget,correct
kohtus,court
smith,Smith
kergelt,lightly
mõlemaid,both
kingad,shoes
tüübid,types
mõõk,sword
presidendi,presidential
yeah,yeah
peksa,beating
ütlete,you say
külma,the cold
kümne,ten
samasugune,same
selgelt,clearly
Katie,Katie
aknast,window
erinevad,different
sg,sg
topelt,double
Jesse,Jesse
küsimuse,the question
armastavad,love
tulistas,was shot
koolist,from school
liige,member
kirjutama,write
lend,flight
helistasid,call
mängin,playing
kõnet,call
kompanii,company
lahkusid,departed
kutsud,call
lubad,promise
mõistate,will understand
lääne,the west
lõpeb,ends
valgust,light
puudutab,touches
usub,believes
O'Neill,O'Neill
üritanud,attempted
järgmiseks,the next
argpüks,Coward
ehitada,to build
äärmiselt,extremely
hüva,okey
reis,tour
sõprade,friends
kuju,shape
Louis,Louis
täpsemalt,specifically
otsustas,decided
istuma,sit down
võeti,was
mõistus,intellect
püüdis,catch
noormees,young man
tükkideks,to pieces
hotellis,in the hotel
õhk,air
korraldada,to organize
tegelema,deal
kiirabi,ambulance
räägiks,speak
pidasin,I thought
suuri,great
võitle,fight
proovima,try
Andrew,Andrew
nurga,the corner
Jackie,Jackie
õlu,beer
musi,musi
käisime,we went
kumb,which
lõbu,fun
muret,concern
külalised,guests
kontroll,inspection
aitaks,help
kaupa,by
võim,power
ausus,honesty
ohver,victim
temas,in him
operatsiooni,surgery
mehel,husband
kohting,date
ametlikult,officially
pahane,displeased
sööb,eats
vaim,spirit
osanud,could
alal,the field
vangla,prison
unistus,dream
korralik,decent
üksik,single
toa,the room
lasti,load
sureme,die
lind,bird
metsas,in the forest
mäletate,recall
muutuda,change
tekib,appears
hind,price
õpetada,teach
saarel,the island
veelgi,even
võimalusi,opportunities
nendele,them
teadnudki,knew
vang,prisoner
lõppeb,ends
nimekiri,list
loota,count
täita,fill
endal,own
meeldima,like
lasevad,shooting
kohaselt,according to
Julie,Julie
aa,AA
kuti,Kuti
vanglasse,prison
selliste,of
kaob,disappears
aadressi,address
juhtumi,case
murda,break
kasutavad,use
piinlik,embarrassing
üksteise,each other's
varjata,conceal
küllap,probably
tundis,knew
teadlik,conscious
külaline,visitor
kukub,falls
põhimõtteliselt,fundamentally
kuulan,listen to
cia,cia
jen,jen
kasvab,grows
vere,blood
näitama,show
värki,stuff
loomad,animals
põgenes,fled
veenda,to convince
super,Super
kel,who
talt,from him
sõpradega,with friends
haigla,hospital
alusta,Get Started
otsustanud,decided to
asjas,case
võimalikult,as
saatnud,sent
kardab,fears
unenägu,dream
elizabeth,elizabeth
aaron,aaron
kole,hideous
tuleviku,the future
tegeleda,deal
päevaks,day
saatma,accompany
tol,cus
esitada,submit
pakub,offers
liigutada,move
isal,father
kasutanud,exercised
jookske,Run
soov,wish
riik,country
võitis,won
klassis,the class
rikas,rich
varastasid,stole
tuul,wind
varastatud,stolen
õel,bitchy
mõtlete,thinking
tüdrukuid,girls
viivad,lead
seest,from
pääses,escaped
lahkunud,departed
sellisena,"as such,"
kuri,wicked
noored,young
hullumeelsus,insanity
küsib,asks
lendas,flew
eeldan,assume
lapsuke,baby
mõtleme,think
lahendada,solve
muljetavaldav,impressive
laip,corpse
tänane,today's
päikese,the sun
lootus,hope
pluss,plus
kõrgeausus,highness
juhuslikult,randomly
vaatasid,looked
kavatseb,intends
saati,since then
lihtsam,easier
naela,Pounds
olemine,being
võimed,abilities
ookeani,Ocean
toidu,food
kaotame,losing
hoidis,kept the
vedanud,carried
laud,table
maksis,paid
planeet,planet
kasulik,helpful
tänava,the street
nahka,skin
uksest,the door
kohtusin,I met
lõpetad,finish
sunni,enforced
anti,anti
liiguvad,move
kinnitan,confirm
kelly,kelly
klaasi,glass
ilmselgelt,obviously
järjest,in succession
temal,she
otsige,Go to
küsimused,questions
ilmus,appeared
reede,Friday
rahus,in peace
küljes,adherent
märki,mark
südames,heart
arvame,think
kilo,kilo
väheke,a little bit
mõtted,thoughts
tervet,healthy
langeb,falling
vastuseid,replies
toonud,brought
tood,jobs
töötasin,Worked
sõnul,According to
ostma,buy
püüame,try to
tast,tast
varastada,stealing
neeger,nigger
numbrit,digits
armastas,loved
minuta,me
jõuavad,arrive
kirjutanud,wrote
sünnipäevaks,for birthday
piloot,pilot
ingel,angel
leidsite,taking the
tibi,chick
ülem,chief
nõukogu,council
seoses,in connection with
nõme,ignorant
sõbraga,friend
kuulanud,hearkened
kingi,shoes
läheksid,go to
kõndida,to walk
haiseb,stinks
jõe,the river
keerata,turned
lastega,children
magasid,slept
jalgpalli,football
esimesed,first
valetasid,lied to
mõistuse,the mind
lahkud,leave
muutu,change
käega,by hand
päevaga,day
tõelise,real
sea,porcine
terry,Terry
teistest,other
operatsioon,operation
lõks,trap
relvaga,weapon
tunnistaja,witness
lennujaama,airport
hoor,whore
püsige,Stay
onju,is not it
tõmmake,pull
minusse,me
omaenda,own
armastasin,loved
võitnud,won
lolli,stupid
ostis,bought
tšau,Hi
tehes,making
jõudsime,we came
morgan,morgan
grace,Grace
hulgas,among
kuritegu,crime
hakanud,started
söön,eat
jooksma,run
paneks,tasking
niiet,so
sadu,rain
brad,brad
uurin,I shall
juhataja,head
tänaseks,for today
inspektor,inspector
vihje,tip
lõpetab,finishes
maggie,Maggie
kontoris,in the office
vigastatud,damaged
tobe,silly
juukseid,the hair
missiooni,mission
teooria,theory
süüdista,accused
üritame,trying to
is,is
oht,threat
vastavalt,respectively
viskas,threw
takistada,prevent
saladusi,secrets
viisid,ways
hoiavad,keep
poodi,shop
saadame,send
tegele,deal
kaota,lose
tapetud,killed
kaarti,map
kartma,to be afraid of
vahi,custody
korter,apartment
suudavad,are able to
mõningaid,some
loom,animal
and,gift
omanik,owner
kontrollima,check
maitseb,tastes
värske,fresh
kaitseb,protects
ohh,ohh
vabaduse,freedom
kleit,dress
ründas,attacked
õnnitlen,congratulations
näitas,showed
vaatavad,watching
red,Red
uuri,Explore
vigu,mistakes
põrgus,Hell
valvurid,guards
tunnistada,to declare
reamees,soldier
andestust,forgiveness
sega,mixed
väljapääsu,exit
kassi,cat
cole,cole
käitu,behave
programmi,program
laiba,the corpse
korteris,in the apartment
julia,julia
kulub,It takes
käsu,command
lugusid,stories
võimalused,opportunities
helistad,call
üritavad,trying to
tulevikus,in future
hirmunud,terrified
õnnestub,succeeds
pakkumine,offer
dick,Dick
testi,test
ütleksid,tell
ilmub,appears
lõin,created
bella,bella
laenata,borrow
kent,kent
kuuma,hot
keskendu,focus
vastutav,responsible
lepingu,agreement
kaval,sly
keele,the language
piima,milk
paluma,implore
sellelt,this
süüdistada,to blame
salajane,secret
filmis,the movie
tuttavaks,Meet
tööst,the work
saladust,secret
pariisi,Paris
täht,star
hobune,horse
usku,faith in
mõlema,either
abiks,help
õpilane,student
kasuks,for benefit
trikk,trick
emal,more
rõõmu,joy
sõidad,you drive
baasi,the base
wayne,wayne
kohtusse,court
murtud,broken
valetab,lies
aastast,year
andmed,information
linnapea,mayor
hambad,teeth
ravi,treatment
nahk,leather
neljas,fourth
laseks,shoot
tapame,kill
särk,shirt
sally,sally
poolest,in terms of
pika,long
järgne,office
kasvanud,grown
korista,Clean up
jaapani,Japanese
kasutu,useless
võitsin,won
sooja,hot
lugema,read
käske,commands
õigeks,right
kuniks,as long as
tegija,maker
helistage,call
mõrv,murder
järgmisena,next
pääseb,access
vince,Vince
töölt,from work
tehing,deal
poe,shop
ameerikas,America
eksisin,was wrong
koodi,code
kontorisse,office
julge,courageous
ilusti,nicely
tulekahju,fire
põnev,exciting
maksad,you pay
alustan,begin
tohutu,enormous
clay,clay
sheppard,Sheppard
rünnak,attack
vastas,opposite
seadus,law
mõistsin,understood
lõunat,lunch
peol,at the party
sõbrale,friend
paljusid,many
väidab,says
minutiga,in minutes
põhjal,on the basis of
võitsid,won
kõigega,everything
kutsusin,I invited
piisa,enough
aastas,annually
itaalia,Italy
kasutad,you use
sita,SITA
suurte,large
ameeriklased,Americans
stan,stan
ilu,beauty
miskit,something
nimetatakse,called
rohkemat,more
arve,bill
lou,lou
püüad,try
tunneme,we feel
küsisid,asked
kohtun,meet with
nate,Nate
jooma,drink
pettunud,disappointed
mälestused,reminiscences
keskus,center
selliseks,such a
istud,sit down
peamine,main
asukoht,seat
teistega,others
pannakse,placed
arvama,think
kusagile,somewhere
sunnitud,forced
olivia,olivia
tunnevad,feel
puhkama,rest
mulje,impression
mõistma,understand
leiate,find
viskan,throw
jõu,force
paberid,papers
üha,ever
panka,the bank
keskkooli,high school
ajasid,chased
rick,rick
kuuldel,Tuned
targem,smarter
arvasingi,thought
vihma,rain
admiral,admiral
sonny,sonny
gei,gay
tõelised,real
hirmul,scared
järgmist,the next
ron,ron
suust,mouth
lolliks,a fool
vastab,meets
parata,prevail
puhkust,vacation
tahtma,want
suudate,you can
sobiv,suitable
amanda,amanda
rahaga,the money
hispaania,Spanish
omaks,embrace
kiirustage,hurry
saatuse,destiny
heli,sound
rühma,group
nõnda,so
sõrme,finger
laeval,aboard
viirus,virus
fänn,fan
mõttetu,senseless
kõnni,walking
preester,priest
omaette,separately
kasti,the box
halbu,bad
praeguseks,now
õpi,learn
arm,grace
joonud,drunk
protsenti,percent
hank,Hank
vihaseks,wroth
karjääri,career
lahkumist,leaving
püüdnud,tried
näitleja,actor
magasin,magasin
suurema,more
hot,Hot
võtate,take
millegagi,something
gordon,gordon
puruks,smashed
piiratud,limited
patrick,patrick
raskem,harder
tegutsema,act
hommikut,the morning
hoolin,care about
põleb,on fire
käitud,behave
magad,sleep
puhka,rest
ühendriikide,US
valisid,Played
saamiseks,please
rita,rita
varas,thief
test,test
tüdrukute,girls
pandi,was put
dexter,Dexter
haigeks,ill
õhtuks,for the evening
joogi,drinking
teadmata,unknowingly
tahtsime,wanted
paremad,better
lahendus,solution
tunnis,per hour
austust,glory
õnnetu,unhappy
usaldan,trust
jajah,Jajah
meetri,meter
tänapäeval,Nowadays
subtitle,Subtitle
kaardi,map
peaga,head
üritasid,tried
jedi,Jedi
ethan,Ethan
vastanud,answered
aitasid,helped
kuulad,listening to
untranslated,untranslated
null,zero
taluda,withstand
igatsesin,missed
peitu,into hiding
andmeid,data
telekas,goggle-box
maitsev,delicious
täiskasvanud,adults
leping,agreement
detektiiv,detective
kahtlemata,undoubtedly
hetkest,moment
hüpata,jump
jalaga,leg
uttu,fog
veidike,bit
algul,at first
metsik,ferocious
puud,trees
tegeleme,We deal
võtaksid,take
võidu,victory
avaldada,published
homer,Homer
lõigata,cut off
tänase,today
teistmoodi,otherwise
tõusta,up
tunnista,recognize
sarnane,similar
sugugi,by no means
numbrid,numbers
derek,derek
zoe,Zoe
poes,in the shop
rünnata,attack
kätega,hands
peita,hide
vabad,free
jacki,Jack's
patsient,patient
madam,madam
peatama,halt
tahes,whatever
armastada,to love
baaris,bar
ricky,ricky
taeva,heaven
vast,from
elasid,lived in
südamest,from the heart
josh,josh
ruum,room
astuma,join
praegusel,current
sid,sid
muretsen,worrying
esile,out
lollakas,buggy
meenutab,reminds
tv,tv
vaatamata,despite
vanglast,prison
valguse,light
vägagi,very
järgmised,next
ilusa,beautiful
rott,rat
pahanda,mind
loed,read
uurime,looking into
vastake,answer
tunneks,recognize
torm,storm
lõpetas,finished
häire,alarm
jõulud,Christmas
unes,dreaming
helen,helen
katse,test
rahast,the money
pilk,look
õhtusöögi,dinner
jep,Yep
kolmanda,third
jutu,Now
vette,the water
lõhnab,smells
nimesid,the names
märgi,mark
käsku,Commandments
suudelda,kiss
ooh,ooh
meestest,men
hoolitseda,take care
peidus,in hiding
endalt,yourself
ali,ali
ajaloo,history
neis,these
punase,red
grupp,group
johnson,johnson
iseennast,myself
siitkaudu,this way
pacey,Pacey
pooleli,unfinished
julged,courageous
briti,British
aegade,time
auk,hole
lühike,short
köögis,in the kitchen
valis,outer
toimunud,occurred
tähevärava,Stargate
tööga,the work
minevik,past
lõppes,ended
kumbki,either
elena,elena
nendes,these
auku,wells
osariigi,state
fred,fred
looma,create
teddy,Teddy
saatan,Satan
doug,doug
hullud,crazy
juhin,I draw
valima,choose
tõstke,Raise
arvamus,view
õppisid,learned
laevale,the ship
hommik,morning
yorgis,York
vihkad,hated
üksus,unit
video,video
milliseid,which
kokkusattumus,coincidence
hoolid,care about
tapaks,kill
ehtne,genuine
mustad,dirty
põlvili,his knees
kuluks,expensed
jälitada,to track
läheneb,approaching
sõjaväe,military
kogemata,accidentally
põhjas,at the bottom
kutse,call
ahv,monkey
armastama,love
arstid,doctors
põrandale,on the floor
leidke,scroll to the
direktor,director
lukus,locked
koopia,copy
joon,line
probleemiks,the problem
tugevad,strong
tapmine,killing
õhtusöögile,dinner
säästa,save
näitavad,show
jacob,jacob
lincoln,Lincoln
kutsutud,called
varju,shadow
õed,sisters
küsimust,the question
suudle,kiss
valitud,chosen
baari,bar
mängis,played
betty,betty
nähtavasti,apparently
mõnus,enjoyable
king,shoe
muutnud,changed
tõe,truth
miller,miller
aastate,years
kurt,deaf
mamma,Mamma
riskida,to risk
enamik,most
kohtumist,meetings
riski,the risk
uskuge,believe it
töötame,we work
nendel,they
äärde,to the side
kahtlusalune,suspect
meeldin,likes
alguse,the beginning
reetur,traitor
huh,Huh
kohalik,local
caroline,caroline
aitähh,Thank you
murdis,broke the
millesse,which
meestega,men
paigas,in place
vabastada,exempt
vaimu,spirit
näidake,show
kuulis,heard
minemas,going
meeskonda,crew
pilgu,glance
lauale,table
pruut,bride
juhi,Head
ühine,common
jean,jean
kaotan,losing
oliver,oliver
vangis,captive
naiseks,marry
aidanud,helped
kasutasin,I used
greg,greg
auks,honor
siiamaani,so far
mehest,man
seth,Seth
piisav,sufficient
riiki,country
sünnipäeva,birthday
jennifer,jennifer
tüdrukule,girl
karta,feared
kaetud,covered
lõpetasid,ended
kutsuti,invited
järve,lake
gary,gary
paat,boat
hoidnud,kept the
ettevaatlikud,wary
suundub,headed
restorani,restaurant
puhata,to rest
kättemaksu,revenge
vaenlased,enemies
õhus,airborne
luuser,loser
merlin,merlin
meilt,us
mõlemal,both
vasakul,on the left
selleni,lead
hale,pitiable
piletid,tickets
kulul,at the expense of
järgnege,Follow
mõelge,Think
asjus,concerning
nimeks,named
pärastlõunal,afternoon
loomulik,natural
nuta,cry
kata,cover
jäime,abode
vabandada,excused
nädalavahetusel,on the weekend
suurima,largest
valiku,choice
päevi,days
kuulsime,heard
põmm,bang
iseenda,my self
maailmast,the world
kiriku,church
sattus,ran into
meheks,man
laupäeval,on Saturday
heas,good
pista,shove
paremal,on the right
kannata,suffer
hobuse,horse
muutma,change
juhtima,lead
lülitada,off
elliot,Elliot
katsu,touch
matthew,Matthew
rida,row
vincent,vincent
kim,kim
summa,sum
tähendas,meant
ühineda,to join
ameeriklane,American
äkitselt,suddenly
tugevam,stronger
võetakse,take
lilled,flowers
valvur,guard
kestab,lasts
nädalas,in a week
lõika,Cut
jamas,strapped
tara,fence
võlts,false
alustama,begin
mingisugune,a kind of
haara,Putting
asukoha,location
connor,Connor
rada,path
tantsima,dance
loobuda,to quit
usuvad,believe
toimi,function
suvel,in summer
saadavad,available
tõele,truth
deemon,demon
lööma,beat
mõlemale,both
käigus,course
heida,throw
võtsime,took
seada,to set
lewis,lewis
temasse,with him
kardavad,fear
paki,Deck
hoiatus,warning
otsustasid,decided
taevasse,heaven
saadetud,sent
neiu,maid
söövad,eat
külas,Visiting
kaotab,loses
mune,eggs
armastame,love
maksavad,cost
meenutada,recall
kõigiga,everyone
segadus,mess
riidesse,dressed
saavutada,to achieve
kirjutab,writes
hoolikalt,carefully
otsite,looking
minek,going
puuduta,affect
uni,slumber
kreeka,Greece
raamatuid,books
vampiir,vampire
hädaolukord,emergency
venelased,Russians
muutuma,change
sobiks,suit
keppi,fucked
pulma,wedding
jälgida,to follow
sõpradele,friends
kõrgemale,upwards
kirjutasid,wrote
kontrollisin,I checked
võlgnen,owe
robot,robot
pikalt,long
molly,Molly
käte,arms
hüppas,jumping
ühist,in common
ajud,brains
viies,fifth
trepist,downstairs
sündis,was born
mänginud,played
mõtlevad,think
nähtud,down
tracy,tracy
mehhiko,Mexico
jay,jay
nõuan,counsel
kontakti,contact
donna,donna
muna,egg
sööd,eat
neilt,them
täpne,exact
teenet,favor
pöörane,potty
sulge,close
telekat,Watching TV
rünnaku,attack
enese,self
meestele,men
kasutades,using the
laipa,the corpse
kinnitada,confirm
sophie,Sophie
beth,beth
kindla,firm
kutsunud,invited
valed,lies
kaaslane,fellow
asukohta,locations
viidi,was
kõrgus,height
saarele,the island
asume,We are located
riigis,country
käik,stroke
praktiliselt,practically
albert,albert
kamp,gang
näeksid,would see
linda,linda
armastanud,loved
käsin,command
eli,eu
samantha,samantha
keskkoolis,high school
hotell,hotel
peatage,stop
nutma,cry
raamatud,books
lita,bitch
hey,hey
verest,blood
võõras,stranger
valutab,hurts
sell,fellow
päästsin,saved
valetasin,I lied
lõunasse,southwards
valged,white
kinnitatud,confirmed
ellie,Ellie
vabadus,freedom
kergem,easier
vallandatud,fired
üleni,all
programm,program
nancy,Nancy
mängust,the game
tasemel,the level of
visake,throw
tüdruksõber,girlfriend
elusid,lives
õnnistatud,blessed
rõve,ribald
õudne,spooky
teelt,the road
lilli,flowers
mõnel,some
kabinetis,office
kutiga,a guy
õpid,learn
tulistati,shot
lõikan,reaping
narkotsi,drugs
vahe,difference
näoga,straight face
sõi,ate
teatada,announce
signaal,signal
edeneb,progressing
autod,cars
miles,Miles
osad,parts
istume,sit in
papa,papa
lõhn,odor
esimesest,first
kõrvad,ears
sõnagi,word about
palusid,asked
isast,father
järelikult,Consequently
ühendus,connection
tüübi,type
istus,sat
naisest,woman
saar,Island
maalt,the land
püss,gun
arenenud,developed
kordagi,never once
suuremat,more
homo,homo
julm,cruel
kaarte,cards
arvamust,opinion
pilves,overcast
lasku,shots
ärkasin,woke up
šerif,sheriff
aken,window
paistad,seem to
tulistasid,shot
mõlemat,both
abiellu,marry
ian,ian
hunt,wolf
inglismaa,England
nüüdseks,by now
vastupidi,vice versa
endas,increased
buss,bus
nuppu,button
võimeid,capabilities
türapea,dickhead
teades,knowing
kõrva,ear
of,of
esmaspäeval,on Monday
peatus,stop
tekkis,arose
ilm,weather
ajaloos,in history
viisakas,courteous
kurja,the evil
lubanud,pledged
parker,Parker
kursis,keep up
eraldi,separately
vapustav,fabulous
kotis,in the bag
talu,farm
valmistada,prepare
peidetud,hidden
kätes,in the hands of
seisan,will stand
laulda,to sing
vanasti,formerly
pääsema,escape
pöörata,to pay
mac,mac
üpris,very
lask,shot
cooper,Cooper
pede,fag
silla,bridge
abielluma,marry
mugav,comfortable
elagu,viva
nutikas,clever
valvel,on the alert
elasin,lived
etendus,show
kirikus,the church
valetada,lie
sõrmuse,the ring
prl,Ms
liz,liz
lööd,kicking
ootasid,waited
seade,appliance
kirik,church
täidetud,filled
show,show
charlotte,Charlotte
tahagi,even want
potter,Potter
püsida,stay
vahva,spirited
valve,guard
ndal,th
oskate,you know how
osakond,department
palunud,asked
udu,mist
puhtalt,purely
tõmban,pull
polnudki,was not
meeleldi,gladly
haigus,disease
plaane,plans
bart,Bart
woody,Woody
pidas,considered
ajame,pursue
kung,kung
lastakse,allowed
edukas,successful
augu,hole
seadust,the law
sundis,was born
silmist,sight
seast,from
toodi,brought
korrus,floor
romantiline,romantic
antakse,will be
oleneb,depends
pääsenud,escaped
hävitab,will destroy
neitsi,Virgin
tabas,hit
püüavad,trying to
viinud,led to
silme,sight
projekt,project
ronnie,Ronnie
magan,dreaming
inimkonna,mankind
lõuad,jaws
ühendatud,united
proovis,tried
nurka,angle
aafrika,Africa
olev,existing
foto,photo
liikumist,movement
teretulnud,welcome
naerata,smile
kohver,suitcase
noore,young
nägudeni,See you later
väljapääs,exit
erinevat,different
nimetada,mention
lõpetatud,finished
ne,ne
senti,cents
poisiga,boy
punkt,point
kiirust,the speed
legend,legend
ostsid,bought
valget,white
gaasi,gas
turvaliselt,safely
kasi,Kasi
lahingus,the battle
tagurpidi,upside down
lenda,fly
katusel,roof
teisega,another
igatsema,yearn
armu,grace
hakkate,you start
aah,aah
pooleks,halves
kirjutad,write
noorem,junior
jordan,jordan
saba,tail
viiakse,carried
soovime,we wish
eluks,life
kohut,judge
hävitatud,destroyed
um,um
white,White
sinnapoole,thither
olemise,being
vanessa,vanessa
ni,ni
kuld,gold
kulla,of gold
kadusid,losses
hinda,rate
värsket,fresh
plahvatus,explosion
öösiti,night
võrratu,peerless
astus,resigned
lendama,fly
arreteeritud,arrested
mckay,McKay
paistis,shone
eelmise,previous
lionel,lionel
suudlus,kiss
aastaks,year
seaduse,law
oscar,oscar
omast,that of
kohtud,courts
käitumine,behavior
ajavad,doing
pimedas,dark
ööseks,night
lõvi,lion
yorgi,York
kontrollige,Check out
rikkusid,ruined
sõin,I ate
steven,steven
kõikidele,all
usume,believe
valmistuge,ready to support
märkasin,noticed
olukorra,the situation
viite,reference
täname,Thank you
www,www
sügaval,deep
sherif,Sherif
jee,jee
aeglasemalt,slower
maetud,buried
vaade,view
hinna,price
keerasin,fucked
kaardid,cards
sõitsin,drove
värdjad,motherfuckers
südamesse,hearts
siinkandis,hereabout
kuuldele,month of
väljakutse,challenge
hulka,among
naistega,with women
alustas,started
kõigele,all
tänavale,the streets
homseks,tomorrow
segadusse,confused
alkoholi,alcohol
tunnistan,witness
mere,sea
hoolitseb,take care
leiaks,find
jääte,you become
kaitseks,protection
muutud,will become
Wilson,Wilson
buzz,the buzz
tantsi,dancer
tütrega,my daughter
tina,tin
mäe,hill
mõtlesime,we thought
palve,prayer
risti,crosswise
puha,holiday
lapsele,baby
ajasin,drove
petta,deceive
it,IT
kõri,throat
elusana,alive
vestlus,conversation
usuks,believe
klass,class
ajanud,driven
dale,dale
richie,Richie
õpetan,teach
projekti,project
igaks,just
Howard,Howard
Washingtoni,Washington
taolist,like
maininud,mention
relvade,weapons
tähtsat,important
tulles,coming
peremees,owner
sekund,second
keppida,fuck
tiiger,tiger
naha,skin
brown,Brown
palav,hot
kahel,in two
tõmbab,pulls
halva,bad
pojale,son
tegemas,make
lõpule,completion
tagumiku,butt
universumi,the universe
kurjategija,felon
parimaid,best
röövida,rob
lubab,promises
ori,slave
pahad,bad
kakskümmend,twenty
maagia,magic
euroopa,Europe
lennukis,on the plane
kauboi,cowboy
usk,faith
miljoneid,millions
mmm,mmm
õnnistagu,blessings
asjale,thing
igalt,each
võidan,win
riista,dick
riides,dressed
klubis,club
jäljed,traces
mia,mia
georgia,Georgia
sattusin,I got
mootor,engine
hoidku,forbid
ehitatud,constructed
kättemaks,revenge
pääseme,escape
mõrvas,of murder
lapsega,baby
terved,healthy
varakult,early
kahest,the two
armastatud,beloved
nautige,have fun
langenud,fallen
kabinetti,office
prügi,trash
da,da
tegevust,activity
city,City
teistel,other
rob,Rob
pariisis,Paris
joome,we drink
proovige,try
tänav,street
aitavad,help
rasked,heavy
jutustas,told
jätaks,leave
kiirus,speed
maailmale,the world
vabandus,excuse
angela,angela
marie,marie
proovid,samples
kongi,Kong
green,Green
liinil,on the line
hunnik,pile
imeb,sucks
suhet,the ratio
võida,Win
käituda,behave
väljaarvatud,except for
kõvemini,speak up
vanemaid,parents
võitleme,fight
saadud,received
hinnaga,at the cost of
silmitsi,confronted
kobi,Kobi
vilets,shoddy
päästikule,pull the trigger
jo,jo
suurepärased,great
aegu,Expiration
tohtinud,could
krahv,earl
tõmbas,drew
annate,you give
vormis,in the form of
ho,ho
igast,each
uute,new
ainsad,only
juhid,leaders
mõjub,acts
turvalisuse,security
kukkunud,failed
ned,Ned
pakk,package
kuramuse,bloody
surnukeha,dead body
pooled,sides
korteri,apartment
chandler,Chandler
reedel,on Friday
juut,Jew
klaas,glass
müristus,cow
pakkus,offered
omada,own
muretsed,worried
abby,Abby
õnnestunud,succeeded
temata,without him
ametlik,official
alanud,begun
kõlas,sounded
suve,summer
tundmatu,unknown
kaduda,disappear
tase,level
lähedased,close
lahkuge,leave
telefonile,phone
stanley,stanley
väärib,worth
lukku,lock
pudel,bottle
hirmutada,scare
tapetakse,killed
pahandusi,trouble
jalutama,stroll
inetu,ugly
naisel,woman
muutusid,changed
anun,plead
eri,special
sooviksid,would like to
hoidsid,maintained
maksnud,paid
lapsehoidja,nanny
tähed,stars
raymond,raymond
id,s
lähemalt,closer
leidub,is found
rõõmuga,gladly
vees,water
müüb,is selling
iidsete,ancients
näitame,show
isu,hunger
lahkusin,I left the
lükka,push
vanu,old
enamasti,mostly
masina,machinery
trevor,trevor
suutsin,I could
rääkimata,not to mention
prantsusmaa,France
tulnukad,aliens
tulistama,shoot
pojaga,son
muutsid,changed
jessica,jessica
otsuseid,decisions
jooksid,ran
kõiges,everything
kasvasin,grew
koridori,corridor
prue,Prue
teyla,Teyla
terves,healthy
sarnased,similar
pesu,wash
võtaksin,would take
perega,with family
kuulma,hear
paksu,thick
tegevus,activity
üksused,items
Carlos,Carlos
you,You
nonii,Nonii
londonis,London
millises,in which
laula,crow
erinevaid,different
laual,on the table
eelistan,prefer
west,West
võtme,the key
hoolib,cares
isiklikku,own
vastama,answer
valinud,chosen
madu,snake
segatud,mixed
rööviti,was kidnapped
tehingu,deal
tahtsite,wanted
sulgeda,shut down
väed,troops
norman,norman
jenna,Jenna
panime,we put
keerasid,turned
küüti,ride
nautida,enjoy
põhjustas,caused
pilet,ticket
rikutud,ruined
abiellun,marry
mängivad,play
seeru,serum
sõid,eat
imelikult,strangely
naerma,laugh
vanni,bath
seisad,you stand
vangid,prisoners
võttes,taking
tundud,seem
võitu,victory
silmis,in the eyes of
püüdsid,tried
andestage,forgive
sundida,force
sõrmust,rings
märke,signs of
ülikoolis,in the University
Taylor,Taylor
ettepaneku,proposal
kohti,sites
paati,boats
surmast,death
aitame,help
soovinud,wanted
hiilgav,brilliant
lauda,table
pakkumise,offer
müts,hat
kere,trunk
silmade,the eyes
huvides,the interests of
Jonathan,Jonathan
mingis,some
kiirustama,hurry
lõhki,cleft
tekitada,cause
leppisime,we agreed
pihku,oozing
Harvey,Harvey
sõjavägi,army
lennukile,plane
suutis,was able to
otsis,sought
käskisid,commanded
ühegi,any
küsimustele,issues
surnuna,dead
päästab,saves
alustasin,started
Harold,Harold
Sammy,Sammy
pausi,pause
tooli,chair
keldris,basement
prillid,spectacles
emast,mother
valetas,liars
õlle,beer
põgenema,flee
otsustab,decides
restoranis,restaurant
vaataks,review
pank,bank
seesama,the same
vastused,answers
ring,round
tõlkinud,translated
jaga,share
korterisse,apartment
varustus,supply
vabandama,extenuate
rääkisite,talked about
kiiret,speedy
kari,flock
palka,Hiring
usaldad,trust
arv,number
holly,Holly
veetsin,I spent
voolu,flow
toast,the room
löönud,undercut
sõit,ride
viltu,awry
lahing,battle
häirib,disturbs
jamie,jamie
nädalaid,for weeks
taskus,pocket
lõbutse,Have fun
minnes,going
Pam,Pam
segamini,mixed
läheksin,to go
võidad,win
punast,red
planeedile,planet
Washington,Washington
suhted,ties
ideed,ideas
isekas,selfish
tualetti,the toilet
mõnes,in some
panga,banking
tunniga,hours
püstol,gun
valetanud,lied to
kujutad,Can you imagine
külaliste,visitors
kaitset,protection
Benny,Benny
robin,robin
kirjanik,writer
hulgast,among the
jooksin,I ran
ujuda,swim
saabunud,arrived
põgenenud,fled
braavo,bravo
põhjustab,causes
pargis,in the park
ravida,treat
Martha,Martha
mängisid,played
teadsite,You Know
ohtlikud,hazardous
sajandi,century
põhjuseks,reason
valiant,Valiant
saage,Receive
lollpea,goof
kuskilt,somewhere
hakake,start
vahetama,exchange
ebaviisakas,rude
niiviisi,thus
vanematele,parents
lisada,add
leppida,accept
kurssi,course
misasja,what
kohtadele,sites
paganama,hell
vastutasuks,in return
mängisin,was playing
vaatamas,watching
unistused,dreams
kukkusin,fell
tõendid,proof
arvesse,into
ülejäänu,the rest of
suud,mouth
toovad,will bring
jalutada,to walk
lõunale,for lunch
unistuste,dream
gandalf,Gandalf
värv,colour
saatana,hellish
uhked,proud of
võmmi,cop
kõikidest,all
kannavad,bear
minekut,to bed
võitleb,fights
lollid,of fools
veendunud,convinced
armukade,jealous
enesetapp,suicide
raisata,wasted
marshall,Marshall
Joseph,Joseph
Gina,Gina
müüs,sold
sõbranna,girlfriend
üksteisele,each other
hoo,hoo
avan,I open
hoolega,carefully
olend,creature
sajab,rains
võtit,the key
hävitama,exterminate
võlur,wizard
naistele,for women
tänavatel,the streets
jook,drink
naeratus,smile
laetud,loaded
lähedalt,closely
jäätist,ice cream
karen,karen
valin,choose
käime,walking
ekspert,expert
tüdrukust,girl
dokumendid,documentation
megan,megan
teiselt,"on the other,"
vajadust,need
ootas,waited
vennaga,brother
hooaeg,season
issake,issakene
politseinikud,police officers
surmani,to death
seniks,until then
nda,th
kehv,poor
suru,compressed
pidasid,considered
sattuda,to get into
tahe,will
kukkusid,tumbled
alfa,alpha
jälginud,watched
annaksid,would
kannul,on one's heels
mõistab,understands the
juhatab,chair
kade,jealous
murdsid,broke the
suuremad,bigger
algust,the beginning
mainis,mentioned
oivaline,smashing
carol,carol
otsustasime,decided
poiste,boys
kellelt,from who
tulemused,results
nimeta,name
hoidsin,I kept
roosa,pink
pinnale,surface
seksida,to have sex
paku,offer
ettepanek,proposal
hoiatan,warn
müü,sell
spioon,spy
röövitud,robbed
perekonnast,the family
pulmad,wedding
luthor,Luthor
jaah,Yeah
kahele,for two
jooki,beverages
laevad,craft
kusagilt,somewhere
rünnakut,onslaught
damon,Damon
armastusest,love
kõrgel,high
pühapäeval,on Sunday
näidanud,show
palub,asks
saatust,destiny
salaja,secretly
näost,face
tantsu,dance
sünnib,is born
korraliku,proper
poisse,boys
hirmutab,scares
kaugelt,far
lennukit,planes
märku,signal
vastane,adversary
asjasse,concerned
nicky,nicky
tehniliselt,technically
rääkimine,speaking
saadetakse,sent to
vajas,needed
kokk,cook
magus,sweet
kogemusi,experience
tühja,blank
kara,tongue
ajastus,timing
ameerikasse,America
abiellud,marry
jura,JURA
võrreldes,compared
lapsena,as a child
anakin,Anakin
basseini,swimming pool
võluv,charming
lossi,the castle
minevikku,the past
rikkus,wealth
ajaga,time
black,Black
Nathan,Nathan
aastaselt,the age of
halvim,worst
intervjuu,interview
teadus,science
stu,stu
vanematega,parents
ulata,Hand
vanaks,getting old
inimesele,people
kingituse,gift
Lawrence,Lawrence
kurjus,evil
ülesande,task
nõustun,I agree
seletan,I will explain
kivid,the rocks
moodus,up
kallid,dear
sakslased,Germans
kaheks,in two
pääsesid,had escaped
tulistan,shoot
vastasel,"otherwise,"
narkootikume,drugs
anthony,anthony
kesta,shell
joogid,drinks
tervitus,welcome
ärkab,wakes up
täieliku,full
juhus,accident
allapoole,below
tulevikust,the future
kujutan,imagine
ründasid,raided
rohtu,medicine
hoiatama,warn
kontor,office
emma,emma
mismoodi,how
kepi,stick
seljatagust,back backing
raskusi,difficulties
peabki,supposed
kontrollib,checking
valitseja,ruler
sarnast,like
kuulid,bullets
võimelised,capable
räägingi,talking about
ohvri,the victim
lendame,fly
juhtumit,case
minevikus,in the past
kõnnin,walking
kasutatakse,is used
küsige,ask
ühed,some
segan,bother
paadi,the boat
autosid,cars
baby,baby
eetris,aired
sattusid,got into
sündisin,was born
kilomeetrit,yards
lendavad,fly
trenni,workout
surmaga,death
plaanist,the plan
kohtusid,met
uskumatult,incredibly
jaama,stay
han,han
külg,side
tegelane,figure
sõbralik,friendly
kunsti,arts
olnudki,olnudki
milleski,something
külalisi,guests
kirjad,mail
austan,honor
selgitan,explain
täitma,complete
võisin,I could
elate,you live
loobuma,give up
silmadega,eyed
hobused,horses
rutem,sooner
püksi,tROUSERS
mõnele,some
sharon,sharon
mängija,player
troy,Troy
moment,moment
muutun,shall become
kõla,sound
blond,blonde
mugavalt,comfortably
lõppema,end
lastud,shot
röövisid,robbed
juustu,cheese
proovile,to the test
kavatsete,going to
teadlane,scientist
ründab,attacked
lähemal,closer
wendy,wendy
aastase,year
paigale,place
koosolek,meeting
vahid,Vahid
vahetus,exchange
seltsimees,mate
tänavat,the street
mi,mi
vastuse,answer
pikad,long
wade,Wade
shawn,Shawn
tõuske,Arise
soovivad,wish
kokkuleppe,agreement
paistavad,appear
tõmbame,gettin
universum,universe
naabrid,neighbours
saapad,boots
jood,iodine
juhtumisi,accidentally
meeleheitel,desperate
ründavad,attack
tunduvad,seem to
abiellub,marries
shaw,shaw
vajasin,needed
tulnukate,alien
laibad,dead bodies
uudistes,in the news
geniaalne,ingenious
sulgege,recap
löögi,shot
söök,food
kohata,seen in
võitleja,fighter
proovib,tries
hoitakse,is maintained
astub,take
käitub,behave
dennis,dennis
willie,willie
töökoha,workplace
penny,Penny
haiglast,the hospital
manny,Manny
jill,Jill
ennegi,"before,"
karistus,punishment
sugulane,cousin
sageli,often
rahvale,people
jätkuvalt,continually
park,park
idioodid,Idiots
muust,other
püüdke,try
loa,permit
tegelenud,done
cm,cm
abiellus,married
uksele,the door
keeras,turned
astud,agglomerations
jooksed,run
laadida,download
saladuse,secrets
poliitika,policy
sõdalane,warrior
rakett,rocket
russell,russell
sitakott,scumbag
järjekorras,in the order
vein,wine
naera,laughing
laksu,slap
õega,sister
sisaldab,includes
partnerid,partners
sügav,deep
piirkonnas,In the area
poisile,the boy
pesta,wash
vestelda,to chat
seo,SEO
tulistamine,firing
otsisid,searched
filme,movies
nakatunud,infected
mõõga,the sword
sügavale,deep
rikkaks,rich
needus,curse
minutiks,minutes
põrandal,on the floor
sead,pigs
heaküll,OK
päästan,save
planeedilt,the planet
francis,francis
tugevalt,strongly
näitad,näitad
lukustatud,locked
õiged,right
omab,owns
kolida,to move
rannas,on the beach
raamatus,the book
käiku,gears
annaksin,would give
saarelt,the island
keskele,in the middle
gaius,Gaius
millelegi,something
tavalised,usual
märg,wet
läände,west
ütelda,tell
nicholas,nicholas
omi,own
viisin,took
sõrmed,fingers
istusin,sat
abiga,help
lahkuvad,leave
tühiasi,trivia
kasutatud,spent
mõistust,common sense
politseile,the police
tiim,team
kitt,putty
sõitsid,traveled
big,Big
punased,red
agendid,agents
jääksid,would
võidame,will win
samuel,samuel
teateid,posts
joy,Joy
kohtamas,dating
mägedes,mountains
kollane,yellow
evan,evan
plahvatab,explodes
dušši,shower
katherine,katherine
rinnad,breasts
teenistuses,serving
jäetud,deleted
pimedaks,blinded
eemaldada,remove
pitsa,pizza
kaitsen,defend
yo,yo
mütsi,hat
tõsist,serious
hulk,number
võistlus,contest
ahh,ahh
jardi,yards
töötasid,worked
masinad,machinery
munn,dick
põgene,flee
hakkaks,would
rolli,role of
hall,gray
ravimeid,drugs
erinevalt,differently
aitasin,helped
tulekul,coming
raskelt,heavily
lükata,postpone
kaup,goods
perele,family
wc,wC
teaksin,I knew
reeglite,rules
fu,fu
avastasin,discovered
saare,the island
puhtad,clean
elajas,beast
hukka,denounced
lapsest,childhood
tulemus,result
röövis,kidnapped
sõnumit,the message
kolis,moved to
maya,Maya
tegude,acts
kütust,of fuel
võlgned,owe
tuhande,thousand
tormi,the storm
paik,place
võrra,by
avaneb,opens
ideid,ideas
cindy,cindy
lehm,cow
randa,beaches
rämps,trash
hääli,Votes
kiirem,faster
sild,bridge
heita,shed
õhtusööki,"dinner,"
lõikas,slit
kama,KAMA
mõrd,weir
kuuluvad,belong to
alustasid,started
ilusam,prettier
kuulab,listens to
aluspesu,underwear
valetama,lie
juhtunu,what happened
sandy,Sandy
kihlatud,engaged
ühenduse,Community
vähk,cancer
posti,mail
mänge,games
seisis,stood in
harris,harris
peida,hide
nõukogude,councils
kotid,bags
varastanud,stolen
üksnes,only
valisin,I chose